L;T;β;mq1;mq2;mπ;Δmπ;mπ0;Δmπ0;mρ;Δmρ;mρ0;Δmρ0;fπ;Δfπ;fπ0;Δfπ0;fρ;Δfρ;fρ0;Δfρ0;mAWI;ΔmAWI;P;ΔP
8;16;6.9;-0.92;-0.70;0.9831660739847787;0.005869182186761726;0.830180724431327;0.008011215020705094;1.0599019422105511;0.004352370973169841;0.9438301511080972;0.005770289739158047;0.1613595385504982;0.0029119053507249406;0.12763252385827717;0.0027268812322547445;0.24822510267791428;0.0029819893974612982;0.21789691422099103;0.003042657283916398;0.25398843149985784;0.006164190090390154;0.5420757647058824;0.0004793940090134918
8;16;6.9;-0.92;-0.75;0.8862231120686798;0.006980795513372439;0.8110485921481347;0.007807918880241416;0.986278706896935;0.005740443881051365;0.9223680396507825;0.0056344999309810755;0.14320494311118523;0.002679091284283494;0.1317499985319516;0.0024381495601108307;0.23640344247668177;0.003485432193576513;0.2234448565416249;0.0029735722356865365;0.20419007892671295;0.009960557954788701;0.5463741764705883;0.0009749460561835609
8;16;6.9;-0.92;-0.80;0.8117028028758174;0.00805811522774214;0.757886141818222;0.008591431950819095;0.9161442657764415;0.006347979015108832;0.8811722034597027;0.006356784437408333;0.13508552596900175;0.0031769419644093492;0.12417582181463097;0.0026687682526608937;0.2310389357199836;0.004016787422967171;0.22419294845332666;0.0031759507696038753;0.16140293822151072;0.00636409745534916;0.549915905882353;0.0006512618410050633
8;16;6.9;-0.92;-0.85;0.68271038592981;0.012032026571787426;0.6926983396840997;0.010176739393175732;0.8410730040590783;0.007190298358113341;0.828345676342893;0.007032554737872032;0.10991221480479584;0.003553425205594373;0.11164615799844682;0.002568507489634383;0.22190931384328458;0.003974179486057964;0.21137487442134756;0.0036643585250138717;0.11633600952868527;0.006455026167921207;0.555060911764706;0.0005218331022549251
8;16;6.9;-0.92;-0.90;0.6021422734107196;0.030894913588480042;0.5705057835722813;0.02193269705434075;0.8063486984271843;0.01147738268047638;0.790202437342555;0.009933221387489184;0.07386002851416977;0.005320866544879916;0.06803745631589833;0.0039407670776732675;0.20815832574220872;0.005891503033053786;0.1974745231476288;0.004325322098329087;0.0661308329723219;0.009411853361554576;0.5630954823529412;0.0006557045142011558
8;16;6.9;-0.92;-0.91;0.5847242395283805;0.03488559859899819;0.5962052167709588;0.024796223780269848;0.7777263443463157;0.015117535751251916;0.784953141868198;0.009994418196865197;0.06992823541800365;0.005564867704445056;0.0738663939320258;0.004267253200573527;0.19422738134255632;0.0065452175720562954;0.19774852874859783;0.004515444992528761;0.05765861514262697;0.007276590632458023;0.5640222235294118;0.0005312568153562441
8;16;6.9;-0.92;-0.92;0.530818542425386;0.014838902022974823;0.543286002415775;0.01029603429102549;0.7320006664654982;0.00759771484148263;0.738380962007038;0.005683370180787046;0.08113343123728914;0.0030112941304497767;0.08363440064275693;0.0021144663854659523;0.18444038986703268;0.0035976845399130087;0.18501411645869426;0.002404365976772948;0.06261842406499869;0.002177707105255215;0.5607324239316241;0.0002535508888920365
8;16;7.2;-0.78;-0.65;0.7738357006690785;0.009831004936350118;0.7418834818189147;0.012003033232666585;0.9006586000499738;0.006227916506295705;0.8714804873147142;0.006903666052198571;0.08354852709039552;0.0017584773326293596;0.07875979306768166;0.0018467268356417677;0.1808054319384371;0.002142356820301218;0.17432380771173717;0.0021848379296016424;0.16077719155123285;0.003587134825990157;0.585787316;0.0002733682529432124
8;16;7.2;-0.78;-0.70;0.7380982341343487;0.016042115743628706;0.7632661416826053;0.017958855976783403;0.8725248197320791;0.006932782543300517;0.8597016876752408;0.007457020531718157;0.06784804726198446;0.002331213314247554;0.07145040367546726;0.002180390417579124;0.1780707320818639;0.002300793366566649;0.17568384513423646;0.0022417561790228197;0.12749861479097244;0.0035396100919213858;0.58713884;0.0002292424797155237
8;16;7.2;-0.78;-0.75;0.8139641019424445;0.03227341297921885;0.788275756193155;0.029338336682051085;0.9379326357039142;0.00577940187953423;0.9281458715505303;0.004814040277078121;0.05093435772207367;0.003482743573340474;0.048504226079661435;0.0025967453189698346;0.19213285494160698;0.0026424200606842497;0.1917637787698398;0.0019379473511995811;0.08906316977206451;0.003158735727519124;0.5893648520000001;0.00019695578012439297
8;16;7.2;-0.78;-0.77;0.7830562136794245;0.04019250344722824;0.8217757848933105;0.03682918263690649;0.9070057973774355;0.005417787905828668;0.9009288488706025;0.005158370351946085;0.04041715080750957;0.002980327055732827;0.04301985837677873;0.0027611612232211423;0.1866789074319107;0.0019856061280097656;0.18549570009000788;0.0015217488447484093;0.07577159026192558;0.0020178880516044384;0.5899348400000001;0.00012629352592602596
8;16;7.2;-0.78;-0.78;0.6032956908345303;0.032512346846844904;0.6597103016317899;0.024984147807857206;0.8412830861471808;0.010280583281631355;0.8386443067575415;0.008468719720132582;0.039142366689293405;0.00252330949880625;0.04510359085898781;0.002145241818074235;0.1725827196903453;0.0029721308104640643;0.17174721457229142;0.0022524890212368013;0.07510357581158389;0.0021565394374069152;0.5901488700854701;0.00013275278129124606
16;32;7.2;-0.794;-0.79;0.3310307278482228;0.019355287841534317;0.3364314881938456;0.005854074184312944;0.46561859042509823;0.012411145905477575;0.4630228925026627;0.007125317965039738;0.05724622455980682;0.005707130018322449;0.056857082253133476;0.0012192064346390433;0.1119106916494376;0.00629089670916997;0.11399861215215061;0.003241221842940083;0.03237204453661833;0.00263748084108981;0.590358398019802;4.1888318149271464e-5
8;16;6.9;-0.87;-0.87;0.7817797504371968;0.004885647024675537;0.7760021589103453;0.004140312510818532;0.8975415939158655;0.0038151995806138795;0.8924357882255176;0.003137890890597793;0.1342812527672959;0.0018130967845130937;0.1321258214146415;0.00143546776210245;0.2357806644850928;0.002138903051896797;0.23187487357953862;0.0017214578404024976;0.15542737514720675;0.0026009196858517436;0.5507455861313868;0.00022741327937592535
8;16;6.9;-0.90;-0.90;0.6328678617305449;0.016535432034644297;0.6328678617305449;0.016535432034644297;0.7988479942273813;0.008523528442339551;0.7988479942273813;0.008523528442339551;0.09810393637128448;0.004363249041353872;0.09810393637128448;0.004363249041353872;0.2122474264220967;0.004518930471120977;0.2122474264220967;0.004518930471120977;NaN;NaN;0.558307360479042;0.00019717419610064215
8;16;7.05;-0.835;-0.835;0.6748884015741279;0.017823057763697296;0.6793201647796134;0.013474748913723973;0.8485078550014118;0.004398628754354162;0.8550752779488201;0.003783420078146897;0.051128985539614674;0.002087062525712917;0.05292618829317402;0.001521411619825197;0.1866055475705815;0.0018491310138923503;0.1885075790386883;0.0013543680625385576;0.0765056779210043;0.0018661146994213562;0.5770355378091874;0.00010816060554357356
10;20;6.9;-0.90;-0.90;0.568899641222249;0.006096095219747098;0.568899641222249;0.006096095219747098;0.7215659584267157;0.0050463065526001405;0.7215659584267157;0.0050463065526001405;0.10310009566555965;0.002413152382303245;0.10310009566555965;0.002413152382303245;0.20069443483556695;0.0032482930699613347;0.20069443483556695;0.0032482930699613347;NaN;NaN;0.5572429139107612;7.308652913472203e-5
10;20;7.05;-0.835;-0.835;0.48765836367365767;0.010505402923931139;0.5003252308631234;0.00793368943675749;0.6526285008567548;0.007502635187674334;0.6464670213375655;0.005538465892053871;0.07160099190716633;0.0025942247474082833;0.07569011100873836;0.0017220625014594806;0.16361832690358535;0.0034968551530801806;0.16276137853117595;0.0023872943937841558;0.060463322799407325;0.0026614570909945096;0.575939886;0.0001741883303340718
10;20;7.2;-0.78;-0.78;0.520600785051272;0.011805006387989429;0.5390168563316353;0.007827190981200164;0.6879218917380249;0.005078403962728615;0.6993881252376255;0.0038230352589675794;0.05077030910048382;0.002116471180622878;0.0562109849641921;0.0015575789909824756;0.1440859896976621;0.0022698424702933873;0.1486637252485526;0.0016985485434908546;0.060259979739501944;0.0020194724351525126;0.5867825461538463;0.0017402713343849928
10;20;6.9;-0.92;-0.92;0.3634559151339136;0.09918414702822627;0.3634559151339136;0.09918414702822627;0.6685166298438294;0.03437984553533475;0.6685166298438294;0.03437984553533475;NaN;NaN;NaN;NaN;NaN;NaN;NaN;NaN;NaN;NaN;NaN;NaN
10;20;7.05;-0.85;-0.85;0.4349925724721612;0.013627470819316362;0.43757842960303983;0.009126081230556556;0.5973872428366637;0.0075609515823561605;0.600862168364238;0.006213568306078303;0.05999462289135736;0.0025865145178353877;0.06224807131544547;0.0017093122736393852;0.14900881044624562;0.003066878801707904;0.14911410350612844;0.0024650691149338965;0.04385408997120222;0.002502258804125218;0.5770689620437955;0.0001481013731493979
10;20;7.2;-0.794;-0.794;0.5839649962033013;0.03227358413599862;0.6795018251708709;0.029582454413101648;0.6800160512522985;0.008658090821117495;0.671679474103226;0.006670483862402311;0.04775556226859032;0.00353136910720566;0.05947673927657251;0.0034150775684132747;0.1402788735268985;0.0033311529562398572;0.13841098137602895;0.0025242922323509944;0.03947540790308002;0.001818615244587346;0.5908265656934306;6.963753378359934e-5
10;20;6.9;-0.87;-0.87;0.7486187257696366;0.004337001731000429;0.7486187257696366;0.004337001731000429;0.8468713050165937;0.005134652500594569;0.8468713050165937;0.005134652500594569;0.13198041478151418;0.0023430307021679577;0.13198041478151418;0.0023430307021679577;0.21816664518331502;0.004886897028804221;0.21816664518331502;0.004886897028804221;NaN;NaN;0.5506623716216216;8.516376712080304e-5
10;20;7.05;-0.80;-0.80;0.6486255342243318;0.004540805349050989;0.6486255342243318;0.004540805349050989;0.7371263537155601;0.004189766895843302;0.7371263537155601;0.004189766895843302;0.10413883384656526;0.0019164781789510884;0.10413883384656526;0.0019164781789510884;0.17133425226507568;0.002904683738279114;0.17133425226507568;0.002904683738279114;NaN;NaN;0.5708919875912408;0.0002488921271014761
10;20;7.2;-0.75;-0.75;0.556647478222506;0.009847802392064883;0.5555502219831565;0.008161859164186536;0.6562151552538933;0.006618065674082371;0.6505556493856385;0.005806742898471327;0.08491257156384782;0.0031197648244488717;0.08713294440557509;0.0027713962957575766;0.14652225682827427;0.003852128179243814;0.14673780166464112;0.0031922910989178386;0.09320563956474359;0.002226974828113043;0.5865235864864866;0.00016869926466316868
12;24;6.9;-0.90;-0.80;0.8239925034439654;0.004335581184556919;0.7649527307954174;0.006945308801488347;0.9193302761054266;0.003741461481931939;0.8685897401215268;0.0049249316974169415;0.1373658746112396;0.003439746001251959;0.1217436003873901;0.0048855231413831605;0.2264504941231266;0.004201324294677312;0.20048873305126877;0.005634323971429078;0.1622120183377489;0.006919278213160407;0.5474392877192983;0.00011665630760678964
12;24;6.9;-0.90;-0.90;0.5612332930183233;0.003472455289981334;0.5612332930183233;0.003472455289981334;0.6984170443522819;0.003567024544584909;0.6984170443522819;0.003567024544584909;0.10348376466945235;0.001799890520986499;0.10348376466945235;0.001799890520986499;0.1933823705250984;0.0031662864857089227;0.1933823705250984;0.0031662864857089227;NaN;NaN;0.5569758814054052;3.212422149368931e-5
12;24;7.05;-0.835;-0.835;0.4564228254112169;0.008746423087882349;0.4564228254112169;0.008746423087882349;0.5909366615778054;0.009665991504942188;0.5909366615778054;0.009665991504942188;0.07802150168261343;0.0028339028291364627;0.07802150168261343;0.0028339028291364627;0.15404331922093448;0.005958238694486045;0.15404331922093448;0.005958238694486045;NaN;NaN;0.5752393145454545;8.934664985996943e-5
12;24;7.2;-0.78;-0.78;0.46672301154287793;0.00971854865182525;0.46906496956327015;0.005916101393289667;0.565830267190809;0.0068937684932914795;0.5688882634013129;0.0047385972580831145;0.062066388656026365;0.0027937827946956355;0.061506574321363465;0.0014900469247990833;0.12536856839251825;0.004119266081429198;0.12691733202133443;0.0028001408924857064;0.04851241485956667;0.0015880014520151392;0.5871295966101695;0.0013246397435699342
12;24;6.9;-0.92;-0.92;0.0038525240145876292;0.0016030572354535336;0.0038525240145876292;0.0016030572354535336;0.5100563456626839;0.0648986860579553;0.5100563456626839;0.0648986860579553;NaN;NaN;NaN;NaN;NaN;NaN;NaN;NaN;NaN;NaN;NaN;NaN
12;24;7.05;-0.85;-0.85;0.42177707901583267;0.006904078845827406;0.43025360881907326;0.005176498475159564;0.5548440237655662;0.008995633209615092;0.555117810474658;0.006879420128292994;0.06742798754592394;0.0015565199914080881;0.06925173559816997;0.001212519259757961;0.13938801607428233;0.005159881951727118;0.13919745326087957;0.0039048629751930373;0.036587497822481406;0.00524800399389249;0.5760016272727273;0.0008247244060452673
12;24;7.2;-0.794;-0.794;0.3806829046192013;0.008393474941267918;0.33432286138246115;0.04831140751752463;0.524127953207851;0.007074962660917615;0.5236954456264312;0.006033691301744687;0.05449852650534259;0.0017978728145614771;0.042321131488018866;0.011831030575450199;0.12806913880026652;0.0037683419978598092;0.1270466131516797;0.0032348902041241154;0.03249184570329456;0.0025864679920040955;0.5886969187134505;0.0010787059938198557
14;24;7.2;-0.794;-0.794;0.2987764233031202;0.015261572162635743;0.2987764233031202;0.015261572162635743;0.4885391541982434;0.0069469237161659215;0.4885391541982434;0.0069469237161659215;0.05162312553349428;0.0034588965704472076;0.05162312553349428;0.0034588965704472076;0.12541512385646353;0.0033992290666626924;0.12541512385646353;0.0033992290666626924;NaN;NaN;0.59049898125;7.485186817266735e-5
