L,T,β,mu,md,mπ^A,Δmπ^A,mπ^C,Δmπ^C,mρ^M,Δmρ^M,mρ^N,Δmρ^N,fπ^A,Δfπ^A,fπ^C,Δfπ^C,fρ^M,Δfρ^M,fρ^N,Δfρ^N,P,ΔP
8,16,6.9,-0.5,-0.9,1.26095125124868,0.007169960092756,0.985386472693336,0.009337034493504,1.31837524854883,0.005649464238777,1.08791618190129,0.007205950450384,0.189237382943983,0.002885850418968,0.146549456104324,0.003132923618858,0.275871476894306,0.002898715668842,0.241216558671561,0.00278543341318,0.533544182,0.00044603889117
8,16,6.9,-0.55,-0.9,1.2058648142149,0.006055290924786,0.988156444752194,0.009797037758285,1.27304328791147,0.005011489684532,1.08868343759688,0.006929363779575,0.189495703735275,0.002834589147478,0.149431225640101,0.002564752268217,0.279529737968355,0.002843785571685,0.246402750495204,0.002615796565574,0.534906562,0.000361949172999
8,16,6.9,-0.6,-0.9,1.13650993206298,0.007616325510145,0.958196872430152,0.010536843902872,1.21767456432102,0.005918689025763,1.0776125924582,0.005140757034791,0.179220807435343,0.002918198984927,0.147626832495667,0.002935584934368,0.273604364396188,0.003296295018223,0.251306276877892,0.002635395278008,0.536461562,0.000474348646661
8,16,6.9,-0.65,-0.9,1.0910101505197,0.008260390276219,0.95993132666822,0.009715385407052,1.17431554557189,0.006622705897736,1.06052928186946,0.005544181334978,0.175772573142398,0.002314978119195,0.154538645738148,0.003124014296665,0.276839386935323,0.002480356059441,0.256298208610377,0.002040262811516,0.53848939,0.000451774495585
8,16,6.9,-0.9,-0.7,1.02840207768429,0.005551556601335,0.919937607468919,0.005685851610075,1.11876052923928,0.00388073867859,1.03449164521044,0.003963971817381,0.171415841265114,0.001933873877271,0.151122289162319,0.001682426533725,0.276319979671664,0.001728828890412,0.257178690700646,0.001567330040059,0.541131631788079,0.000247106473875
8,16,6.9,-0.9,-0.75,0.953426571493162,0.005763965894399,0.888726451861092,0.00595006627643,1.05524573573622,0.003798363435889,1.00466692255471,0.004085801988803,0.160318773853895,0.00202617968422,0.149895728324944,0.00175954425077,0.270495656534603,0.001863966628851,0.260171130608427,0.001510497882291,0.544053169333334,0.000249640991478
8,16,6.9,-0.9,-0.8,0.867945975516089,0.005776697020031,0.839131387154272,0.005961974781011,0.983805928972823,0.004316614039371,0.963724419765986,0.003975825049556,0.148454442846723,0.001964145217608,0.145443534663926,0.00158020811177,0.260991611628364,0.001832304663319,0.261112405321791,0.001448642942676,0.547150561589404,0.000286045837914
8,16,6.9,-0.9,-0.85,0.771141173353726,0.008320173444813,0.757175609580257,0.007400966207021,0.914647164978529,0.005398604682226,0.906834125064298,0.0046362014904,0.131539750222987,0.002569924706824,0.128627297335348,0.001776895850993,0.255293159348454,0.002064204621224,0.253174636879551,0.001652009250832,0.551614539735099,0.000272697346511
8,16,6.9,-0.9,-0.89,0.675731738650208,0.011958475665682,0.668202776447582,0.009743440207747,0.857636328181839,0.005873638562245,0.853882932287626,0.004686820907667,0.109489917303019,0.002943697094899,0.108335842505748,0.002386628194528,0.246172778288096,0.00236882928865,0.242840788264017,0.001731850234719,0.556303755629139,0.000271044672902
10,20,6.9,-0.7,-0.9,0.995957217586165,0.004985263937463,0.877093262869865,0.00576037693178,1.07669648763562,0.003984328781434,0.988939739625679,0.004794358828738,0.16224416634829,0.00239230961979,0.135030503936252,0.00261433943086,0.25387762041086,0.002403145681231,0.231120888695981,0.002575598071515,0.54097508245614,0.000241022388937
10,20,6.9,-0.75,-0.9,0.926647927395315,0.004678982969892,0.837698469741312,0.006173196861494,1.01286952144496,0.004564596281479,0.954263986436827,0.005151671126995,0.156712592142657,0.00247952258362,0.135986015825354,0.001832181336882,0.252243700113502,0.002319538866095,0.234037782117061,0.002048602912477,0.544548766666667,0.00027537404963
10,20,6.9,-0.8,-0.9,0.826373678302064,0.005847058470286,0.780847362270177,0.006097978253637,0.929611562009633,0.005488118957016,0.90000289909837,0.005113504867285,0.142328392615663,0.002863147620476,0.130737218796562,0.002241188675616,0.238262153916417,0.003065094815866,0.23072966985542,0.002532460296758,0.54774620877193,0.000291345453154
10,20,6.9,-0.85,-0.9,0.721396710137012,0.009807412521193,0.708314814109662,0.007331096639294,0.836740021456224,0.006414322803016,0.837962693377658,0.004986885480073,0.126583873026734,0.003375914499696,0.126299522758241,0.003088100734059,0.228459752600642,0.003010731221245,0.231553099710731,0.002403305815049,0.551848484210526,0.000271084092553
10,20,6.9,-0.89,-0.9,0.60520275880593,0.009722714260115,0.62172632752771,0.009202315486015,0.757750377103903,0.009092829020972,0.763186912612329,0.005693966209626,0.110587674258925,0.004239813875497,0.110241146635705,0.002517880666998,0.217181645841475,0.00368858934195,0.217346237080303,0.00211680721599,0.555916621052632,0.000303205416605
12,24,6.9,-0.9,-0.7,0.993659873018158,0.002206284669184,0.852751956540664,0.002713737382609,1.07258253719378,0.002013263105895,0.958046655132344,0.002583707208218,0.159964121691597,0.001542511662884,0.12664919698091,0.001294407333345,0.246630342273695,0.001574705610699,0.211426956418724,0.001601959925582,0.54109142866242,0.000109740002244
12,24,6.9,-0.9,-0.75,0.91616594628403,0.003268899680402,0.813451319438776,0.004105122049761,1.00116422198533,0.003276724826034,0.922293213139906,0.005852131094847,0.150177101136745,0.00255356861658,0.126056931267562,0.002309638330058,0.238524295785384,0.003086360023862,0.212698187426625,0.003509152130037,0.543972307017544,0.00018642974309
12,24,6.9,-0.9,-0.8,0.827812530547567,0.00447357056856,0.774547500405459,0.005036995134304,0.925570891114049,0.004275524480993,0.882203887557058,0.004433665988237,0.144282547716663,0.002697194825909,0.130593697826266,0.002352284370724,0.236960715677511,0.003253232521856,0.219418414362024,0.002734798140716,0.547425640350877,0.000160668365648
12,24,6.9,-0.85,-0.9,0.704354263689118,0.004982593068168,0.693003812511136,0.005029644090807,0.815448289216817,0.004558364859359,0.808196988394263,0.004332638002365,0.126502488092227,0.003102211015308,0.120137242584735,0.002695345187785,0.217273826145633,0.003378422256254,0.211657154296702,0.002834237304976,0.551683170175439,0.000192034920218
12,24,6.9,-0.9,-0.86,0.69577614147162,0.017135899752157,0.679800602915856,0.017385753397093,0.80240015207838,0.006703232007212,0.792217106850674,0.010544831147353,0.126970777041312,0.00818659892446,0.116950077828485,0.007697299618916,0.215344909351161,0.004481339023289,0.206249177031866,0.007986060099672,0.552922269565217,0.000290149082361
12,24,6.9,-0.9,-0.87,0.674574414208604,0.012477535779058,0.647940049916251,0.01466012333398,0.781824988185515,0.015363982180126,0.773224677407381,0.008370539714214,0.11874553886071,0.008182528438456,0.112787891827207,0.00620385735021,0.20860919637989,0.012160768213864,0.209196999311068,0.005474019458131,0.553908308695652,0.000237139719645
12,24,6.9,-0.9,-0.88,0.632399894513125,0.0193748763126,0.636282572238363,0.005786096358655,0.754708844545029,0.011991919158985,0.759571091131553,0.00568207279337,0.110144780940753,0.008314146850702,0.116679952766816,0.004582508518345,0.205038250148025,0.009332693254432,0.210824893511287,0.004522748953824,0.554907752173913,0.000444839208402
12,24,6.9,-0.89,-0.9,0.608782037311392,0.006647522933531,0.588790145757416,0.005742549359431,0.728928664832414,0.005700395111383,0.729863747783457,0.005271105638238,0.11386436427778,0.003017292234126,0.105162688779835,0.002677355116128,0.204325820644815,0.003570522658358,0.204378078952551,0.002889005212269,0.555792521052631,0.000178543451629
8,16,7.05,-0.835,-0.7,0.821548155857501,0.007118298249555,0.774250898860567,0.00796788935959,0.939930690943354,0.004666371287737,0.899933957241943,0.005372819926459,0.12499520403125,0.00225974725406,0.117782295065326,0.001731564524287,0.228563414004145,0.001756241531531,0.222174055523517,0.001489461232235,0.568354024,0.000238084543086
8,16,7.05,-0.835,-0.75,0.75198080773815,0.010012095313548,0.737194657230406,0.007667358914305,0.901057719695053,0.005855351892456,0.896409259143538,0.005039088701135,0.109481389774667,0.002244054583966,0.104986900103776,0.001780313512689,0.22820012376144,0.001961585151366,0.225773267015609,0.001305452883269,0.570662147333333,0.000224058125283
8,16,7.05,-0.835,-0.8,0.708074277998056,0.012932990107687,0.701057878238924,0.012094554972564,0.892407836981582,0.005544728472612,0.892360645793156,0.005261626867059,0.085325367573192,0.001997107272226,0.082480584002861,0.001553833031409,0.225422620469351,0.001628943550281,0.224395212483088,0.001319171378431,0.57447335229682,0.000186645515284
8,16,7.05,-0.835,-0.82,0.703702805567914,0.018616189230755,0.716625719003203,0.015795174241206,0.901307498254161,0.006164725564942,0.897790484754475,0.006231377257125,0.071971451242306,0.002525355306592,0.073020528952355,0.001674340321456,0.225650519007699,0.001807342776712,0.22358313421393,0.00198855987973,0.575719217314487,0.00016637661727
8,16,7.05,-0.835,-0.83,0.751040147913259,0.025071869055593,0.770184105687485,0.020824099215007,0.918316213937442,0.005760688100087,0.923357842836587,0.006068032286657,0.067895357376502,0.002817376646433,0.066824961113862,0.002121342647248,0.227113956072755,0.001560894783635,0.227876304306463,0.001631947764036,0.576631320848057,0.000159148194924
10,20,7.05,-0.835,-0.7,0.760740898705343,0.008415775885057,0.70147865447828,0.010055031548572,0.85763813369852,0.005764494725709,0.808167686460368,0.006902436988877,0.121583524171616,0.002672052467159,0.109945954993152,0.002427880772696,0.20339932179226,0.002393392988663,0.192968710644414,0.002077939884585,0.56783834,0.000210848197952
10,20,7.05,-0.835,-0.75,0.673242536910677,0.008408002268085,0.632055047175407,0.009523998595787,0.783705435851049,0.00525113593185,0.765072248165206,0.005836813185167,0.11078956067319,0.003629227509939,0.101031671959497,0.002836671692439,0.192003968494764,0.003413034763875,0.191852865284881,0.002411698247216,0.570365476,0.000220436550714
10,20,7.05,-0.835,-0.8,0.547736089936191,0.018182504010688,0.565802897535296,0.013445419576397,0.702853854315265,0.013763322104962,0.707311128667206,0.00690705294955,0.090778472038054,0.002934439362545,0.091582678612936,0.003153763753171,0.180044011714772,0.003057107627168,0.183158689816025,0.002367055940345,0.573420452,0.000234487751849
10,20,7.05,-0.835,-0.82,0.534641434652466,0.011694694622934,0.535296977835353,0.012046654879104,0.68780770134215,0.010057672342352,0.690350004337426,0.006325353066283,0.092794923025204,0.003487780708868,0.08661411777305,0.002848344989752,0.186258867201874,0.003518639845213,0.183089456613689,0.002323891490965,0.57411195,0.000499235157949
10,20,7.05,-0.835,-0.83,0.501681782905848,0.015123315642786,0.443323681416607,0.011714370701494,0.664869317796211,0.011761009047933,0.655931227353397,0.010753391201585,0.080498652339258,0.003734065138418,0.073604579799364,0.00293705967706,0.173232518977483,0.003287411835932,0.17427449005004,0.002821058874181,0.575093408,0.000210465429721
12,24,7.05,-0.835,-0.7,0.75465660026733,0.006764252657376,0.645995008686394,0.0072758099958,0.828263672352634,0.004534151639751,0.758990062411665,0.004676172742224,0.117944701057635,0.003818593834299,0.09470853911468,0.00252524802235,0.185211933429886,0.003628954745328,0.167442257997307,0.002135866503309,0.56770238,0.000163498798098
12,24,7.05,-0.835,-0.75,0.657176294775687,0.008136513345475,0.611327992248692,0.006075859843896,0.760049848911456,0.005355962122471,0.714367269442826,0.006082782624448,0.105328804396681,0.00372271491023,0.096276047114147,0.002413377492261,0.18061078500791,0.003411854068363,0.167563758518592,0.002497096916672,0.570099942,0.000165712288147
12,24,7.05,-0.835,-0.8,0.534962587846125,0.009698789525445,0.529780409703586,0.00743734179771,0.653105660786783,0.005979585406468,0.646019574274435,0.005770517113478,0.087687713660735,0.003580367071219,0.0893917533147,0.00296097832702,0.161771252265861,0.003317778121192,0.162441023144462,0.002746338618436,0.57327537,0.00017004992051
12,24,7.05,-0.835,-0.82,0.511205898186808,0.011800135217182,0.47782215991082,0.008351389631483,0.635152538995927,0.007119450466308,0.618702882042322,0.00604691073164,0.087652318045812,0.004219181286192,0.079724337380084,0.002934832760912,0.165566059874013,0.004783835119547,0.157052974416726,0.003051442062227,0.574354538,0.000167615113482
12,24,7.05,-0.835,-0.83,0.455050369212175,0.011781574851042,0.477722576846775,0.010398003916971,0.603958129266865,0.008450911209206,0.602346497777672,0.008242325100287,0.077910729652202,0.004417371544261,0.082772028998523,0.003061961135127,0.158147747941345,0.004210617535982,0.156816844102018,0.003582702467871,0.575097318,0.00015320728318
10,20,7.2,-0.78,-0.65,0.680021555191453,0.009365296852866,0.621020637444279,0.011731341868841,0.774971929619719,0.007603358554529,0.733768074692264,0.008712651025548,0.09826713754042,0.002945432997503,0.088810072441474,0.001920793290098,0.176179500792393,0.002614522289469,0.168062567880678,0.002323632162363,0.584935882,0.00018698939591
10,20,7.2,-0.78,-0.7,0.613677170824334,0.011460742153627,0.575252907659047,0.016577350436648,0.729828871498527,0.005706908633808,0.72052795549163,0.010664831393465,0.084478413752747,0.003425495853054,0.082430163011202,0.002300462849618,0.172907119656306,0.002697185085832,0.170136699660355,0.002992201634196,0.586616818,0.000178542513805
10,20,7.2,-0.78,-0.75,0.538151486438045,0.021571398938527,0.526216632025896,0.024626764214485,0.686418930834678,0.010947101061239,0.683735662630841,0.016126198093956,0.067613970598443,0.005176946573578,0.067299040074423,0.004779250966463,0.16785610932029,0.002892308632876,0.164566845734208,0.005613381321828,0.588328398,0.0002011648224
10,20,7.2,-0.78,-0.77,0.521312635111249,0.03934532805005,0.503643543253624,0.038575300298965,0.710476828782258,0.013548089103202,0.712481049944583,0.012740750191214,0.053649923367565,0.00508174480592,0.054006040547076,0.005556066732131,0.166044770061696,0.004618723548356,0.169147103558745,0.004166650731154,0.589317558119658,0.000128291441981
12,24,7.2,-0.78,-0.65,0.649122874630581,0.005655998788715,0.546262444951785,0.008512365827155,0.720005977478607,0.005187425826005,0.644075284029954,0.005539288587948,0.097986767105486,0.002744348222052,0.076060591306565,0.002200500696632,0.155558738783065,0.002669856138779,0.13553952467679,0.002129041515955,0.584803806666667,0.000130926004541
12,24,7.2,-0.78,-0.7,0.562728660694029,0.006160218614541,0.524068447118583,0.009349688987308,0.653710235478289,0.00511826281093,0.629617696881161,0.005459683148901,0.084833127911213,0.002520341351132,0.0753815588584,0.002124037054826,0.14676412282989,0.002753743020472,0.139072418797025,0.002069133497522,0.586389233333333,0.000129658523207
12,24,7.2,-0.78,-0.75,0.484207472412548,0.008873441995354,0.448798995386655,0.009251828700935,0.589954122841223,0.006156625284806,0.583386722828575,0.005018469188527,0.077459553787753,0.00332787298554,0.069316173150741,0.002374252068782,0.140709180706656,0.002855659734826,0.139290517406988,0.002119946330189,0.588141728333333,0.000114305480643
12,24,7.2,-0.78,-0.77,0.416420191862036,0.008751951081259,0.434204704162068,0.00720416054417,0.560879438927577,0.005106279569391,0.5638657474143,0.003769388043087,0.061102689126296,0.002145312425434,0.066007233786742,0.001677799056131,0.134433594532049,0.001880714528911,0.136926895457841,0.001352447508275,0.5890798475,8.05504154597538E-05
10,20,6.9,-0.92,-0.5,1.20768292322186,0.005661407145628,0.881686453598112,0.010102721680936,1.26696254035634,0.004123692281034,1.00054470609629,0.008926762604137,0.180045607414355,0.003915192380121,0.121606145962307,0.00313650931749,0.260142709833874,0.00296903776799,0.211630804126933,0.002371503795753,0.534962588888889,0.000331741475335
10,20,6.9,-0.92,-0.55,1.15696125291496,0.005331839724372,0.872707042029758,0.011344474068471,1.21995872643063,0.004820566867241,0.992972668976705,0.007353022643359,0.181018818280534,0.003619058506239,0.123373712822266,0.003250489811975,0.261119333896454,0.003395120060605,0.215175092028866,0.003186062094489,0.53653527037037,0.000273640157977
10,20,6.9,-0.92,-0.6,1.09748073723216,0.00499240363107,0.860665554800706,0.010732031080084,1.16789358831645,0.004309035251309,0.976529250592056,0.008677850831266,0.171465006579107,0.002774514920503,0.12671306723324,0.002993525047731,0.256154639773575,0.002667057404939,0.214587447130563,0.003324581176457,0.538195292592592,0.000400995082699
10,20,6.9,-0.92,-0.65,1.02974775964176,0.006872166428228,0.844439073809867,0.009299417040485,1.10711913164455,0.006926117251396,0.959885445102291,0.007172570881135,0.167804868933686,0.003067651876352,0.127322231217311,0.003052189526898,0.257567825096192,0.00334385321623,0.221052502430305,0.003197276613503,0.540495044444444,0.000306191996666
10,20,6.9,-0.92,-0.7,0.952751143338332,0.006534867343448,0.825057698437395,0.011918800731509,1.0463665430361,0.006207480515557,0.932674733116036,0.00844831104268,0.155745238557215,0.00350126705139,0.130268358835771,0.003384643342388,0.248629208926662,0.003855545184403,0.221999056460601,0.002944277856543,0.542234925925926,0.000362405160762
10,20,6.9,-0.92,-0.75,0.88641829990528,0.007315569729069,0.760430016002995,0.009391030603312,0.983722382115034,0.006017319851803,0.890897697617664,0.006070736781475,0.150149822399388,0.004575443541809,0.1257365813349,0.003871995810684,0.249474859325022,0.004745048642097,0.222861353839852,0.003323043303301,0.546163414814815,0.000508795071224
10,20,6.9,-0.92,-0.8,0.796704845175835,0.011306944192575,0.724045602057824,0.012882295437218,0.908802684690553,0.008010555310402,0.850848310450383,0.007474906861283,0.142042574507907,0.004030399461482,0.123513419940892,0.003074854982824,0.246422000083174,0.0043423226382,0.225095246298393,0.002830314047932,0.549835318518519,0.000344360151613
10,20,6.9,-0.92,-0.85,0.64764533145202,0.012057866872347,0.630633776545922,0.010735684555645,0.791802489352789,0.009796146304445,0.7907074727117,0.0083105800444,0.116956205626674,0.004812901469204,0.107383814099611,0.002953499172888,0.222285810976356,0.00584224914867,0.214768275908145,0.003421976452297,0.554504866666667,0.000325423479612
10,20,6.9,-0.92,-0.9,0.564798398982423,0.070735978123923,0.555207374665745,0.049136458124208,0.657907249776022,0.036524033174387,0.709036380421094,0.015504307311211,0.102267103104687,0.018346806259188,0.081786580351285,0.010358161366361,0.193656121231348,0.017333351310345,0.203437666934654,0.008148912836388,0.560653981481481,0.000393212116266
10,20,6.9,-0.92,-0.91,0.393851956640228,0.036780110349471,0.502981519984472,0.037167921823575,0.646702191086098,0.017383883729401,0.669844989602657,0.018830164379365,0.081216919110412,0.008828056277993,0.093134702059641,0.006770388360858,0.1948460547436,0.008187911763912,0.198451572559417,0.006428681250835,0.561113534615385,0.000387575363833
12,24,6.9,-0.92,-0.5,1.19320392912233,0.004888086030612,0.870477245730804,0.006566897463381,1.25245797486638,0.004394859016618,0.981394391000998,0.005662316322665,0.175097058950372,0.004280657599806,0.117910884339753,0.00348340732102,0.249377219560193,0.004039659133002,0.20122160800147,0.003836729104611,0.53491817037037,0.000300857195759
12,24,6.9,-0.92,-0.55,1.14419590646158,0.005946616398858,0.83901810249157,0.007817131213613,1.20568987584549,0.004433160816348,0.957165940130343,0.006518307833948,0.169509232143224,0.003350779375355,0.111595743708917,0.002928200919303,0.247191547799517,0.00361984451802,0.195073361161378,0.003616167263435,0.536523418518518,0.000204076897696
12,24,6.9,-0.92,-0.6,1.08092914641215,0.005892507302216,0.823971645412697,0.007514886682359,1.14766400632172,0.005315235503756,0.943401454530976,0.0061080680155,0.163092888950352,0.00346802088917,0.113259115248726,0.003623317384922,0.244250953220125,0.003553120626354,0.195742433807414,0.004232649278176,0.538567574074074,0.000244155001512
12,24,6.9,-0.92,-0.65,1.02598579476645,0.006467991467233,0.808274593465222,0.006733825611533,1.10138156836884,0.006411610389819,0.929105774435415,0.006066018081181,0.161029817689501,0.003556153436439,0.116154328756107,0.003158875655616,0.242966657113577,0.005128732265063,0.198318526793494,0.00361572352107,0.540090433333333,0.000272910397723
12,24,6.9,-0.92,-0.7,0.953864449901707,0.006280730780373,0.778331585683328,0.007141391274333,1.03348178120374,0.00599419919184,0.915619675425331,0.00679220600897,0.152216627054707,0.003635012189028,0.113723924312879,0.00371230637106,0.237713520240717,0.004037799397248,0.205840717506944,0.004116279886711,0.542953881481482,0.000324714711431
12,24,6.9,-0.92,-0.75,0.878319232209368,0.006693436992888,0.747098281060156,0.011389809298022,0.960642819516534,0.005318097363018,0.87571486571146,0.007113502335082,0.152463856043396,0.004935725601558,0.116381663127861,0.005319452641871,0.235769640395104,0.004123522861349,0.208702471867675,0.004339946072312,0.546067496296296,0.000174270833117
10,20,7.05,-0.85,-0.6,0.88969334572405,0.006727302223436,0.721533429789636,0.011896329496283,0.965629536231811,0.006391581808496,0.822936867042239,0.009801268133918,0.132203129699187,0.002976389055305,0.101204291815622,0.002454762287539,0.209574408518467,0.002866824320534,0.179598211856963,0.002336357462104,0.564986324324324,0.000253392575482
10,20,7.05,-0.85,-0.65,0.812780631977084,0.007423190094322,0.658218241740129,0.013966709752853,0.901231310506686,0.006262787393366,0.793286515917184,0.009543724976634,0.126515274917255,0.003428589905162,0.102522953786256,0.002579088029891,0.203829537487204,0.002800849806489,0.185354990315226,0.002633767008858,0.566500548648649,0.000407595021996
10,20,7.05,-0.85,-0.7,0.746914052024726,0.008882526966505,0.639242885177321,0.010485768860616,0.83626638954729,0.007011758693423,0.758702099450664,0.009444126571906,0.124050017793451,0.00392390804351,0.099599270998401,0.002626569403855,0.205430231367102,0.003630305443355,0.181184131753618,0.002899937338839,0.568773089189189,0.00029749253332
10,20,7.05,-0.85,-0.75,0.636787650843737,0.011696285704597,0.601477717830222,0.013302307049261,0.755851790741503,0.008033664869537,0.732455454558829,0.007733124486386,0.103547916767908,0.004441138439665,0.095511632535839,0.003403345674445,0.192298506691798,0.00400455179761,0.186392630027986,0.002636571670187,0.571814051351351,0.00024733836252
10,20,7.05,-0.85,-0.8,0.529935652912603,0.022491015915198,0.536029452999134,0.017367677324058,0.697560254442086,0.009359358240392,0.696292535716739,0.007564635393032,0.075894264334743,0.005219206996582,0.08526828919893,0.004141871234455,0.181507492699856,0.003455047818711,0.184904940477295,0.003056503961299,0.574224002702703,0.000212077021711
10,20,7.05,-0.85,-0.83,0.44860944936399,0.02261779269101,0.500129352654311,0.020775325610986,0.655725219197689,0.019233790239293,0.663248113535511,0.012004760255797,0.069799364296945,0.004932496886792,0.067218727362381,0.005356586699193,0.17338490252127,0.005240953123255,0.172517077070208,0.00334500018258,0.576494845945946,0.000330125273677
12,24,7.05,-0.85,-0.6,0.87960456299477,0.005009456935391,0.661375628458492,0.008814628888818,0.946493251465989,0.004006418921117,0.776516064749908,0.006528178437024,0.126871457001264,0.002837062368123,0.088417923699654,0.003465754084405,0.191558642902874,0.002501494127364,0.157849137104001,0.003130785335796,0.564470694594595,0.000209284696389
12,24,7.05,-0.85,-0.65,0.811123439459523,0.005774474189801,0.62681520197537,0.010404981978651,0.881060635262322,0.004582852257212,0.746563997257567,0.00735991807019,0.123672352918177,0.003615606961254,0.085760535438252,0.003230380461378,0.192857095217434,0.002824395152454,0.158307196262031,0.003211169257747,0.566561578378378,0.000193739621877
12,24,7.05,-0.85,-0.7,0.70964246315848,0.006114504623884,0.584958197789379,0.009047377421509,0.797642291401961,0.004352779662657,0.713304363565418,0.007214676800885,0.111710948642178,0.003249147534964,0.088806023919237,0.003551780738804,0.181633995638484,0.002568285843044,0.160633347482671,0.003750043511993,0.568590716216216,0.000179458925388
12,24,7.05,-0.85,-0.75,0.635416543473013,0.007341409706891,0.568404985273574,0.010108568427139,0.723198908337358,0.006089521895988,0.669942316316762,0.007834767653396,0.107943862749458,0.00399376150113,0.090236379926086,0.002895626244996,0.177827606384069,0.004205622053685,0.158660572058977,0.003256271250074,0.571415448648648,0.000169586471483
12,24,7.05,-0.85,-0.8,0.502317249656334,0.01271317411218,0.478054940448731,0.012361635953034,0.632693015002485,0.00787275974243,0.623680814876321,0.006859431536196,0.078912874436371,0.004209934995606,0.079710524855832,0.002847246428242,0.154419774461623,0.003960765150156,0.159430689693784,0.002935808238515,0.574080897297297,0.000168841868063
12,24,7.05,-0.85,-0.83,0.441246010904887,0.013767848467363,0.43621680005852,0.017604380526054,0.600521473524522,0.009611426309436,0.583505160276704,0.006931657292125,0.074850490577474,0.005048547583228,0.069765292783245,0.005041072555845,0.15922727063526,0.004504287001521,0.151461321951993,0.003413570683481,0.576263075675676,0.000215600168773
10,20,7.2,-0.794,-0.6,0.725215483953792,0.01091648907293,0.587687475326568,0.017349930094909,0.814212924407941,0.006866796256341,0.729288509401313,0.01006111187227,0.101402243680228,0.002603953808362,0.075287420508604,0.002960408662047,0.171021332528426,0.002413727323929,0.158456345434258,0.002308441485496,0.5845502,0.000257031462535
10,20,7.2,-0.794,-0.65,0.646011762647095,0.012245972973998,0.588040908570555,0.01817368527481,0.757170869365827,0.009527335117204,0.709008497433114,0.009688058571067,0.096752793439256,0.003564233063922,0.08337871642981,0.003746440367329,0.172954141919495,0.003002639924835,0.164136575941788,0.003562859105776,0.585591402702703,0.000202217819816
10,20,7.2,-0.794,-0.7,0.58362400718293,0.04699210544726,0.564928071683097,0.042413505131648,0.725596243037875,0.01583523477408,0.709270219309595,0.020267695711914,0.085868169505507,0.010966244825642,0.074899505720101,0.008165728349363,0.174303161881678,0.004931599047674,0.16782813201533,0.007675426217195,0.587473294594595,0.00023895337854
10,20,7.2,-0.794,-0.75,0.559496101160046,0.030977512268229,0.536598905901649,0.016563954956177,0.718911545803162,0.011839619465572,0.732729486231849,0.008552705304826,0.062024854044286,0.004684786756952,0.055596555386694,0.003139230574531,0.170934649072955,0.003046823338014,0.173269223833589,0.002738065514791,0.589566997297297,0.000242986790536
10,20,7.2,-0.794,-0.77,0.481480454775684,0.072329817524381,0.482164945630316,0.054501632711515,0.691234343388577,0.030238533764345,0.69660804595005,0.01724380580512,0.051062930035862,0.008802914276764,0.044078843715024,0.005056064628795,0.16018207230883,0.006173444169552,0.163791216591724,0.003735522901165,0.590155824324324,0.000185663774737
10,20,7.2,-0.794,-0.79,1.00447024157308,0.693417208381559,0.599007813905381,0.068630808852041,0.785012955127699,0.008616255989913,0.771822277462564,0.010084241973848,0.029401041813738,0.039472625473745,0.033701418355851,0.005963046028474,0.178442265841136,0.003451910282753,0.176039472320223,0.003196413649605,0.59107705945946,0.00022672365834
12,24,7.2,-0.794,-0.6,0.703501355271437,0.007437519521076,0.523784817312973,0.010372017530047,0.774535083989587,0.004851728323385,0.636914519873394,0.008061423043091,0.096756958002579,0.003728521845029,0.077982501124377,0.002975795233415,0.15649925409102,0.002988983379225,0.131611035408736,0.002899688489133,0.584084935135135,0.000179503526964
12,24,7.2,-0.794,-0.65,0.615349756043621,0.007059685999286,0.476523636780557,0.012954566744241,0.704368336586017,0.005049758616985,0.605410569846677,0.008348948942677,0.088127348434666,0.003319670770011,0.069760703561242,0.003277797452135,0.147496199535037,0.003118353839281,0.127064641180872,0.0031931174314,0.585515845945946,0.000157881176629
12,24,7.2,-0.794,-0.7,0.545438429627544,0.006226804997451,0.45732794295608,0.014482220984084,0.638390627959455,0.005596802360444,0.59667165427173,0.009424553380063,0.087132104438255,0.002835186723408,0.067403974448804,0.00366361550776,0.150379698399387,0.003799713873583,0.138028439813162,0.003078254219939,0.587045778378378,0.000158751460246
12,24,7.2,-0.794,-0.75,0.441922094853324,0.017105334971473,0.450001464647124,0.012610696367053,0.569000805557581,0.009510075984781,0.55515834713091,0.00757186872237,0.070402615928603,0.003419447851856,0.075899867012362,0.004050768310085,0.138925050298221,0.003118963174559,0.136721828376807,0.002970252866116,0.588574054054054,0.000140500910366
12,24,7.2,-0.794,-0.77,0.478304241096514,0.023691394355458,0.4114315244897,0.01672873780538,0.57123842414212,0.008685933231302,0.563320968257678,0.008402470984607,0.071094354109534,0.007838847460316,0.05830451183477,0.002859609126987,0.139702496131692,0.004188631092618,0.137513308831805,0.003212572102097,0.589633108108108,0.000173495673919
12,24,7.2,-0.794,-0.79,0.355977718754845,0.03763656504874,0.372813569932711,0.023735772343028,0.595649254889923,0.012046266498618,0.564629857839861,0.012482592466445,0.041960914006121,0.006461584196779,0.039356551626431,0.003948606054491,0.13852769707976,0.005099141573739,0.129294786163172,0.003539535541893,0.590713532432433,0.000156195055738
14,24,7.2,-0.794,-0.75,0.436569419106113,0.005639355198791,0.411693685203904,0.005503286947377,0.548152237314116,0.00358970627234,0.539021549736089,0.003245028622091,0.072181005911615,0.001871180410816,0.069450210298344,0.001373023525433,0.134117229447407,0.001759920705497,0.134795603876175,0.001352804649316,0.588690356934307,6.59201847331332E-05
14,24,7.2,-0.794,-0.77,0.370667538866194,0.005998736603806,0.364128143975854,0.005277160200936,0.498702092244873,0.003735339505934,0.495885741234594,0.003352200737705,0.066000166387724,0.001837830717915,0.065427743305202,0.001247444528797,0.127318463178638,0.001489935719498,0.12674406359045,0.001037213532749,0.589539211695906,5.34880847988867E-05
14,24,7.2,-0.794,-0.79,0.338175366018115,0.013023101521736,0.35560478256035,0.011099182517327,0.498230741986438,0.007362196044232,0.495587214762489,0.01162792629849,0.054557352643446,0.002728155591124,0.056389771974723,0.001814459889097,0.125993506753246,0.002308797904084,0.124367242047433,0.004636654165084,0.590363295454546,7.98904027199511E-05
8,16,6.9,-0.87,-0.7,1.08468729011884,0.009584916617285,1.02444410667257,0.009693085493655,1.17444830535412,0.008160002044791,1.11516231178863,0.006738767834632,0.180847319411575,0.003837373210691,0.168154821739695,0.002364932238553,0.28560428438029,0.00303711557366,0.269527584987701,0.002516324093792,0.538603548648649,0.000533105043191
8,16,6.9,-0.87,-0.75,1.00185701186899,0.009596037563461,0.959391928412609,0.010387801303088,1.09832962554607,0.008179489874876,1.0719013889854,0.007709466052422,0.172739499654495,0.003597058445511,0.162302773752751,0.003065513721989,0.277397344059401,0.003060777645149,0.271267998488205,0.002975565355497,0.541730508108108,0.000552289987762
8,16,6.9,-0.87,-0.8,0.93500613278912,0.010914671561026,0.914566686217887,0.01055668519788,1.02970829295247,0.006267738701974,1.02173552609826,0.004627720461694,0.158604141696377,0.004195125831156,0.160432374060976,0.00370882138423,0.268096839432596,0.003396374551683,0.269491814056541,0.002974619609955,0.545042154054054,0.000513622292241
8,16,6.9,-0.87,-0.85,0.802164648100212,0.02072942976037,0.818086552159394,0.013217396538172,0.935388112062266,0.013077050516109,0.945935106117608,0.010460846800014,0.133104748391203,0.004630522440618,0.144625714046664,0.004089558610838,0.253734749215227,0.003685486430836,0.261988119023485,0.003891462690886,0.549929589189189,0.000556280529284
10,20,6.9,-0.87,-0.5,1.26406583806306,0.005628457477962,1.01188586887618,0.00725077343503,1.32097056920552,0.004765094977006,1.10347995940213,0.005760371868884,0.184797071472534,0.002829091398893,0.135531056994789,0.00281501696978,0.260429753531055,0.002819207348508,0.216396024937019,0.003258834532618,0.530961478378378,0.000334492271965
10,20,6.9,-0.87,-0.55,1.22217002715576,0.005913498995149,1.00505918324464,0.006624354285911,1.27855464557435,0.005150400165293,1.09298208738991,0.006095157169175,0.186455973483123,0.003338177419512,0.140544889788733,0.003027106704637,0.262833857452935,0.003581420935164,0.22263183179579,0.003651117025095,0.532757754054054,0.0003509851366
10,20,6.9,-0.87,-0.6,1.17439994930117,0.006446601120877,0.989751728105622,0.006425121526697,1.2344157093364,0.005135150281615,1.08699234539814,0.005007025647953,0.184704319746381,0.004020359615351,0.138135554077024,0.003029200069005,0.264162664382582,0.004191554441458,0.225752831564573,0.00325897671778,0.534502951351351,0.000238963350226
10,20,6.9,-0.87,-0.65,1.11422594520431,0.005618483894482,0.98690373926888,0.008461823159418,1.17663782584305,0.004389289176347,1.07336165388456,0.005894761652111,0.171417949113333,0.002830393826725,0.143188163047076,0.002826090259191,0.252190529635584,0.002745480952957,0.228743254764354,0.003243028681917,0.536459610810811,0.00024436515634
10,20,6.9,-0.87,-0.7,1.04363950533358,0.00607154615772,0.961250019138608,0.006444368010435,1.11836387752463,0.004758516495537,1.04803663134774,0.005386445214074,0.161562751611831,0.002842227969307,0.146162545136334,0.002991839507495,0.249134867956321,0.003719814086029,0.233321953436249,0.00317641062661,0.538801797297297,0.000264210867788
10,20,6.9,-0.87,-0.75,0.984269587828556,0.007568646002498,0.931313206226979,0.007149384737126,1.06670472562666,0.005332069853949,1.02767089350177,0.005731420248447,0.158936621139664,0.004675287764955,0.15238801585844,0.003300826481713,0.251399447650043,0.004725918750046,0.242136684499249,0.003296609453076,0.540902986486487,0.000285652218046
10,20,6.9,-0.87,-0.8,0.899231353352045,0.008009025438059,0.870819429381851,0.007341634652912,0.991721630248843,0.006533901070133,0.971819283134723,0.005402363450967,0.156213780070112,0.004634272198866,0.141616941080978,0.002833002996662,0.250323076051746,0.004923823795514,0.237721475899733,0.002781481950766,0.5446652,0.000312877870761
10,20,6.9,-0.87,-0.85,0.794370590603643,0.00818040910841,0.79122391076321,0.006816597837421,0.907753487394097,0.007530221929133,0.897712861598148,0.005704319698116,0.13877964177981,0.005699466409444,0.137985243333996,0.00342437107753,0.237447980729025,0.004504341123726,0.23354552047361,0.003487373631758,0.549000516216216,0.000364268994736
10,20,7.05,-0.8,-0.55,1.02614429410765,0.00508210022732,0.856861010559456,0.008769104012501,1.08418857983874,0.004483201055185,0.946914368072693,0.006982287065503,0.150246876774229,0.003344216844217,0.114056802013376,0.003200494940864,0.216338571165319,0.002593477361047,0.182962675699615,0.002971740450338,0.559590843243243,0.000278078338852
10,20,7.05,-0.8,-0.6,0.98081661892768,0.006467721025129,0.842323940871652,0.008315624990988,1.03635402060448,0.005460145193886,0.932373525443502,0.006429059869221,0.148307610196758,0.003954616154881,0.117235310585867,0.003428082750086,0.21608526332744,0.004500769918047,0.18953994295325,0.003397062842533,0.561317378378378,0.000288122195316
10,20,7.05,-0.8,-0.65,0.902208727057693,0.007886306825904,0.834474729820881,0.009811165263879,0.973469482304882,0.00577980631785,0.913593072723213,0.007833487153217,0.130081574878895,0.00254987687819,0.120397034785831,0.003500478834739,0.204912135337603,0.002407596687585,0.19128799544859,0.002750278687224,0.563195032432432,0.000243661607091
10,20,7.05,-0.8,-0.7,0.817476049383534,0.007942779981147,0.78696228802756,0.008320396192256,0.898454929125019,0.005918366232336,0.875757392745867,0.005956839873209,0.123298383752633,0.00428936393882,0.122257031854764,0.002817555766594,0.197668582727103,0.00352922567913,0.198924390685761,0.002975929620792,0.565797727027027,0.000338790392902
10,20,7.05,-0.8,-0.75,0.737126332412361,0.01287483029764,0.721874518065792,0.01030445866142,0.824168000321765,0.009437963270764,0.821016414370564,0.006364317559679,0.119169757368278,0.004730324068067,0.115652148245892,0.003003984379283,0.195790941100922,0.00447434052863,0.194161675739352,0.002623839684544,0.567747781081081,0.000294799693732
10,20,7.05,-0.8,-0.78,0.671674454949711,0.013173479203488,0.684752795360802,0.012485118174444,0.777908209647346,0.009019660377184,0.782287115459882,0.009213262104306,0.106953992767889,0.005175616871419,0.106812012327878,0.003461357148127,0.186981990983894,0.005048051659475,0.186120396974193,0.00447846333084,0.569787878378378,0.000281210586622
10,20,7.2,-0.75,-0.55,0.856297511653456,0.008274895754513,0.719458408822968,0.011024992974559,0.915503981635127,0.006530759417073,0.795997766708382,0.009291585238022,0.118339853390586,0.003123728269767,0.09753480447216,0.00268485237085,0.17878795938555,0.002706003282272,0.156294922687036,0.002802824244036,0.580896708108108,0.000220278272234
10,20,7.2,-0.75,-0.6,0.789093624568044,0.008828389612158,0.687614781079532,0.010374246829102,0.861816409717245,0.007240571192946,0.78774686072882,0.008921648409169,0.109896724742113,0.003956592977123,0.090453688506627,0.002376646143883,0.174569810130463,0.00317863455994,0.157855229832709,0.002479790778163,0.58221784054054,0.000279510654734
10,20,7.2,-0.75,-0.65,0.724428075661582,0.009402382514144,0.683710907538318,0.010915688615551,0.799105845273161,0.006029834276034,0.759533997110273,0.00595795582719,0.107572417862012,0.004350858999728,0.098511024101432,0.003315053629966,0.171133595225735,0.003368388435421,0.158604384183764,0.002471601696583,0.583679067567568,0.000220277607137
10,20,7.2,-0.75,-0.7,0.631533870223701,0.014236018778696,0.616069671200159,0.011099100976815,0.73103302145975,0.01022599447023,0.730145465094481,0.008202067574377,0.095874464731504,0.003410483556534,0.086791273127258,0.003320760184174,0.167055422403288,0.003947015623561,0.164979704637661,0.003072351795589,0.585279897297297,0.000206600943886
10,20,7.2,-0.75,-0.72,0.628441137594747,0.012257739454218,0.619230710620713,0.010583354443844,0.735810177607786,0.007987627780055,0.720219422070022,0.007900000551558,0.088595474348558,0.00434263597865,0.090873885037084,0.003945157746294,0.165117325751136,0.004099560587873,0.163671035152777,0.003437055639903,0.586074210810811,0.000330865544862
10,20,7.2,-0.75,-0.74,0.581051231785958,0.012979924486415,0.577627551951135,0.010198039284528,0.694306618156054,0.010226944840536,0.705821934193873,0.007081123964662,0.081025619317893,0.003822172310671,0.082272013564048,0.002703484388784,0.15629779131339,0.00378029366908,0.162066797462017,0.002841258123744,0.586864456756757,0.000188810950666
