L,T,β,mu,md,mπ^A,Δmπ^A,mπ^C,Δmπ^C,mρ^M,Δmρ^M,mρ^N,Δmρ^N,fπ^A,Δfπ^A,fπ^C,Δfπ^C,fρ^M,Δfρ^M,fρ^N,Δfρ^N,mAWI,ΔmAWI,P,ΔP
12,24,6.9,-0.9,-0.5,1.22810774946551,0.002618963464341,0.92975207758467,0.003029248932436,1.28375599207111,0.001902828485636,1.02802236716253,0.003213900376542,0.179445807017406,0.001733533181938,0.128802790778935,0.001750225353294,0.253885081022589,0.001649648351617,0.207745809120793,0.002105776373166,0.372376816603067,0.007213942274862,0.533320285714286,0.000156015597234
12,24,6.9,-0.9,-0.55,1.18097092717704,0.002448108987379,0.911970344781987,0.003034423185609,1.238519469583,0.001900048201679,1.01762155487217,0.002814672071836,0.177408759692076,0.001911191853415,0.123855429521047,0.001465047372223,0.252707830728244,0.001763641568044,0.205893231501711,0.001745232131886,0.3398524681679,0.006479298595626,0.534474776623376,0.000163754975607
12,24,6.9,-0.9,-0.6,1.12168618854234,0.001342495786456,0.891048351409674,0.001887289339116,1.18519025470513,0.001118342275846,0.996088073617585,0.001477050915564,0.172723063007631,0.001017086299617,0.122892623952677,0.000931308900979,0.252008218408125,0.001011707115702,0.204849337545912,0.000989733200822,0.305733691103919,0.00314585481999,0.536552068387097,8.09061443575526E-05
12,24,6.9,-0.9,-0.65,1.0560034359704,0.002906280284418,0.867742024401044,0.003031362958326,1.13188863402526,0.002687543823175,0.980314377618637,0.002895097647686,0.161856399178243,0.001995077248505,0.12242694931691,0.001707814742162,0.249085517818264,0.002352469244658,0.210392731932152,0.001884805351669,0.270200730605265,0.005917224246816,0.538576911688312,0.000141449342909
14,24,6.9,-0.9,-0.7,0.993086140784483,0.00155548882573,0.849378843912889,0.001946809366041,1.0704716903094,0.001326145837272,0.959053099199743,0.001495448451753,0.160283780073041,0.001109538216956,0.126156568973843,0.001021633858367,0.246774869920067,0.001160765557475,0.213489906650368,0.001114215751261,0.235533879755098,0.003188064132567,0.540983305649718,8.32879147419447E-05
14,24,6.9,-0.9,-0.75,0.919631163116903,0.00187894220669,0.819949814202849,0.002151874280061,1.00471475735053,0.00150395407228,0.928814353470381,0.001646826234083,0.154757396368583,0.001167861233983,0.12787524970432,0.001041239574638,0.244861133816516,0.00128892121314,0.218377649098078,0.001051494135575,0.199999081963713,0.003180292722136,0.543933068926554,8.43636775732065E-05
14,24,6.9,-0.9,-0.8,0.825568533439257,0.001958487067021,0.768981661628207,0.002485428551189,0.920575226175895,0.001529828640709,0.882028963850603,0.001662936724184,0.141522080626608,0.001273146188353,0.126319969046911,0.001106012080053,0.233150418150599,0.001247608321941,0.217727447970989,0.001087415047873,0.162978389222377,0.002986883320242,0.547363063841808,8.32935955236107E-05
14,24,6.9,-0.9,-0.85,0.713068238150056,0.002382463668186,0.695301404997709,0.002316380791962,0.82272962024323,0.001826515271196,0.81205078772411,0.001771854223844,0.128069901973526,0.001396748936108,0.123449724591272,0.001068270641572,0.218655402435906,0.001365901229471,0.217218508281193,0.001243975596029,0.122034777963167,0.002936399220839,0.551625724858757,7.23341177173075E-05
14,24,6.9,-0.9,-0.86,0.693814774029048,0.003128493703105,0.681921528968206,0.002820219745085,0.805444703680793,0.002468317597493,0.800616872481856,0.002306480580247,0.124232846364709,0.001703436578417,0.122466485492908,0.001417377092506,0.216402121832815,0.001924345332954,0.216663083499885,0.001397108442225,0.110324430047582,0.003176228520629,0.55234978,9.62752357229587E-05
14,24,6.9,-0.9,-0.87,0.660463209149423,0.003696377101571,0.653050268326401,0.002960564977018,0.783000963213892,0.00268588519353,0.771400191250911,0.002623961454131,0.119478965628532,0.00171870313403,0.118678952334337,0.001612594510631,0.215523754587479,0.00182780647262,0.209160506315962,0.00153306819907,0.103400028683839,0.003365197726891,0.553782264545455,0.000120870862448
14,24,6.9,-0.9,-0.88,0.635731721542514,0.004275831757824,0.626074814245725,0.003213084083554,0.75581514506667,0.003028546727662,0.746381893284309,0.002608065135045,0.120230343464516,0.002348307678741,0.113704769660119,0.001490548880558,0.212344653467206,0.002205674193302,0.204310078197841,0.001596192619876,0.096373596020602,0.003426067012889,0.554729864545454,0.000114000425617
14,24,6.9,-0.9,-0.89,0.602691085509132,0.003707242230092,0.596030251735531,0.002884625140526,0.730133079972754,0.002465455041058,0.724810679168652,0.002093407122248,0.113038085418976,0.001791218278786,0.110886365969459,0.001361472774796,0.205735086583764,0.001730538533449,0.200693717474868,0.001248945070765,0.086213713435474,0.002840360460969,0.555821632352941,8.92118095781234E-05
14,24,6.9,-0.9,-0.9,0.560462021013051,0.003651939003674,0.568628223874793,0.002898582543564,0.699335258674697,0.003128182044825,0.697259852413098,0.002142351652861,0.104308397316426,0.001749267686136,0.108624632913635,0.001378954569829,0.19858137406144,0.001921859687912,0.197984959278433,0.001340858494121,0.077088808887959,0.002785482588575,0.556928568,0.000167614763913
12,24,7.05,-0.835,-0.5,1.02530965888204,0.002634994474496,0.738408815347842,0.004643867717114,1.08103910203369,0.002591270701732,0.846750814278832,0.003187447681179,0.138591129138217,0.001959826418192,0.092652938264219,0.001647702462185,0.202277474771127,0.001863685333858,0.15977585757423,0.001734369835904,0.274085605118633,0.006902228483488,0.560270168831169,0.000140345327284
12,24,7.05,-0.835,-0.55,0.965393143196113,0.003617064529161,0.729714650166385,0.004636310706571,1.02635399689283,0.002940009747607,0.829212777881356,0.003708566704221,0.136317781524771,0.0022809033984,0.09615023988138,0.002027109754448,0.202107891422296,0.002289837813227,0.16165259971967,0.00206025108944,0.247627433382181,0.006456514921632,0.561750319480519,0.0001727887647
12,24,7.05,-0.835,-0.6,0.903372153379019,0.003407943887306,0.702202639524152,0.005069866886197,0.966562760310461,0.002635830476828,0.807214003294372,0.003283454766651,0.130896832647097,0.001967794360635,0.093519970496019,0.001741950830641,0.197295762037342,0.001934538882436,0.160421414276009,0.001787579345788,0.216197255754795,0.005915384644011,0.56355642987013,0.000141829054008
12,24,7.05,-0.835,-0.65,0.828314981426685,0.004349087374521,0.668982453718788,0.005127534080698,0.900960939485691,0.003487628915686,0.77483547401224,0.004408754101564,0.122600057969516,0.002163010254825,0.091733311512258,0.001819942268539,0.191870807776139,0.002124798650417,0.161197576035403,0.002196307528108,0.182049287860376,0.006228723837539,0.565445076623377,0.000130031235716
14,24,7.05,-0.835,-0.7,0.7502712729194,0.003275071081742,0.6420755578392,0.004813857251036,0.827548603192024,0.002733883889563,0.750631020309781,0.003773747310922,0.116556036500816,0.001813862024201,0.093964140322903,0.001637112494101,0.18644895725129,0.001541023476388,0.165083593039914,0.001951805457535,0.149026449308084,0.004363665720826,0.567779737662338,0.000104282215347
14,24,7.05,-0.835,-0.75,0.658957135925964,0.00438704194327,0.611999689306847,0.004801515592011,0.745667389205693,0.003501590773719,0.710851385787002,0.003472196631712,0.10953894253139,0.002021296612016,0.099878040660568,0.001603909030372,0.178418959507934,0.001838806372161,0.169896779532187,0.001647685729709,0.118432021559894,0.004354833226421,0.570039628571429,0.000100601144998
14,24,7.05,-0.835,-0.8,0.541710892348574,0.007169352098404,0.531527621083976,0.004405565312834,0.649794975367648,0.004147999424823,0.64434044121624,0.003558278439388,0.092041313348932,0.002748662851395,0.090906154132188,0.00170608851956,0.166290695916463,0.002468857825951,0.163947961639274,0.001619721446425,0.078974678966018,0.003861774519366,0.573136927272727,9.76931851183438E-05
14,24,7.05,-0.835,-0.82,0.496410285828059,0.007076113702991,0.484508069422774,0.004486183524327,0.615463125158414,0.003970657622527,0.609690583637308,0.003649904946064,0.086209542140856,0.003152297967927,0.084528210076386,0.001752528567278,0.16131425692113,0.002355313558558,0.160640674092829,0.001670144114372,0.064472582145227,0.003981804702029,0.574176527272727,0.000116878792447
14,24,7.05,-0.835,-0.83,0.47244976021174,0.006541214067056,0.469230193056323,0.005182214990605,0.590353856335034,0.004454783567242,0.59304311533107,0.003462134110681,0.085119186632286,0.002660615563487,0.085061430572703,0.001948442247109,0.157670219241392,0.002413563359972,0.160416603420291,0.00180143272542,0.060664554186844,0.004139305935503,0.574912763636364,0.000103237107087
14,24,7.05,-0.835,-0.835,0.444580843607479,0.006201475805157,0.447226493115249,0.005077308837804,0.574769766270801,0.003947968493238,0.577564854085054,0.002936265549941,0.076958918252545,0.002166236963256,0.080667155736963,0.001526966425577,0.153139620484414,0.001719261853615,0.154937204629347,0.00146876626765,0.051028451579827,0.002884671306404,0.575476700854701,0.000195402395058
14,24,7.2,-0.78,-0.5,0.842489370314613,0.002063149132912,0.581858523601257,0.003550182418951,0.89672096805938,0.001850552751981,0.685015386233836,0.002390871433091,0.107968263547327,0.001041447741238,0.073638741248419,0.001119176927321,0.159186834927068,0.001040248041282,0.127986636406587,0.001037798250439,0.211380302234508,0.003865127961982,0.581081584615385,6.8528547372602E-05
14,24,7.2,-0.78,-0.55,0.777902324001364,0.002427547933486,0.565856737612797,0.003838134197218,0.838488734086087,0.001958789552246,0.667876615196294,0.002428368730244,0.10325656007114,0.001102123670872,0.074226583774906,0.001089078790335,0.157148646350939,0.001066582140493,0.129028062044816,0.000964388424952,0.181047340388857,0.003622919717537,0.582224525,7.19372042471428E-05
14,24,7.2,-0.78,-0.6,0.71803723478345,0.002746269946302,0.559787821627369,0.003807728707646,0.782340329429533,0.002153121586086,0.658816513647669,0.002855966171236,0.102056247786451,0.00116394894092,0.07654550431041,0.00106830187022,0.158295875704672,0.001064185524447,0.13252449593907,0.001078636540882,0.153315549227357,0.003466097634134,0.583421518881119,6.61974501702576E-05
14,24,7.2,-0.78,-0.65,0.637919785140165,0.002835957074473,0.54219929180859,0.003873743456323,0.716165927118989,0.002087613913085,0.639408609275336,0.002858294381935,0.092868909602967,0.001156487946413,0.079091283157039,0.001129451240116,0.152555705897414,0.001026710007851,0.137039138011803,0.001068292749689,0.126988758710146,0.003040298259059,0.58484279020979,6.19487047302657E-05
14,24,7.2,-0.78,-0.7,0.557710763529848,0.00344276698075,0.513392669950455,0.004055205900472,0.643808379493717,0.00221807841047,0.611776041954844,0.003068558069925,0.085537098622706,0.001467235954653,0.079870765781685,0.00108285510568,0.147316682830454,0.001207673828423,0.139786534109745,0.001159094807624,0.096728078328337,0.003022282465181,0.586336989583333,6.31710669986451E-05
16,32,7.2,-0.78,-0.73,0.484429635724511,0.005080749022394,0.445685459549495,0.005445113035871,0.573110109059471,0.004586549610291,0.550587658506932,0.003691142173625,0.077927092497632,0.002575951901394,0.068641702949148,0.002134496755652,0.131008372510681,0.002778383316143,0.125339716793091,0.002031264556287,0.077717637650531,0.003890623523763,0.587427970666667,6.40298132009339E-05
16,32,7.2,-0.78,-0.75,0.437941938303047,0.005425115226127,0.432707049387885,0.005825435338166,0.535690660957603,0.004395965319122,0.524248667531479,0.006564189993808,0.069442765611276,0.002714942786456,0.071672230688471,0.00255521684879,0.125063721932046,0.00262856271186,0.122105518742606,0.003820632993436,0.064256818050547,0.003715927273564,0.588181901333333,5.93976953775839E-05
16,32,7.2,-0.78,-0.77,0.395606118843992,0.008471660374002,0.387454394139073,0.005943731494706,0.492917585105052,0.005310027907643,0.49184227393346,0.003900295249941,0.068746522665899,0.003508000113949,0.065070490990264,0.002267615167993,0.119834660983717,0.003315162275756,0.11590741392379,0.002099445026413,0.054343391166768,0.003597428631185,0.588923293333333,5.59436603551644E-05
16,32,7.2,-0.78,-0.78,0.38228956969419,0.005796017966758,0.388549433089151,0.004560407193213,0.48167352622869,0.003779757633581,0.484134867184279,0.002839935046315,0.066790106259345,0.002300882831627,0.068062789997522,0.001788361763061,0.11691318661925,0.002277699376938,0.116236014456746,0.001605015499454,0.048914056050059,0.002825380649601,0.589226598675497,3.92114546490438E-05
12,24,6.9,-0.92,-0.5,1.19845464706197,0.003360402782796,0.870993849389314,0.004917867430444,1.25344866112548,0.00314013789878,0.98500706850462,0.004532257396397,0.179398829293188,0.002418277090794,0.118159333751688,0.002415546653574,0.251856849013073,0.002542307308894,0.202320762222666,0.003501457589717,0.358389328975871,0.008878327971425,0.534907045454545,0.000219129142923
12,24,6.9,-0.92,-0.55,1.14375858999683,0.00410365536491,0.857018460480231,0.005327097663412,1.20400644259828,0.003883668366027,0.967143471491987,0.003931274244833,0.168883521033866,0.002802655205428,0.115913495171327,0.002951607816223,0.244702169814475,0.003269442263578,0.199588491477845,0.002601708043123,0.314081487159606,0.007449338487299,0.536422506818182,0.000162942761023
12,24,6.9,-0.92,-0.6,1.08365355353849,0.003543290309142,0.831626008269191,0.00563551574911,1.15357182825016,0.003064500629866,0.945073594625924,0.005062031677056,0.16684079072131,0.002858175487153,0.117593352284056,0.003097450402935,0.248562668080065,0.002659555034199,0.200707448819878,0.002983688952824,0.284163120300142,0.009564941266212,0.538519954545454,0.000220982315568
12,24,6.9,-0.92,-0.65,1.0309091554768,0.003926409673033,0.807445222787038,0.006814965043282,1.10711278089831,0.003386376346651,0.926509778825292,0.005686525338708,0.163842139569576,0.002239646303602,0.114518246483198,0.003271181634898,0.248826932963123,0.002233663374699,0.200051570298098,0.003116958236626,0.257462762768815,0.007585269987738,0.539871790909091,0.00025143268348
12,24,6.9,-0.92,-0.7,0.958140217641512,0.004984675366769,0.778994720376421,0.006553197577273,1.04039819942083,0.003867800410792,0.899988131507455,0.005213372884697,0.154949528649314,0.002974369127199,0.117110771447663,0.002886376708655,0.243918031688266,0.002946351003328,0.202767477893083,0.003205327665538,0.216971993599694,0.009273670467254,0.542726481818182,0.000222646205183
12,24,6.9,-0.92,-0.75,0.869997460363278,0.005117696921705,0.751519659607976,0.006711466789781,0.959420766360113,0.004081766047962,0.870475315721076,0.004597352909123,0.142757208922086,0.003149977151971,0.11805573327201,0.003404011709975,0.232647913676363,0.003384997713226,0.207384530694699,0.003344170981179,0.179531239741277,0.007488360275828,0.54592935,0.000178811590019
12,24,6.9,-0.92,-0.8,0.764520259508585,0.005572665167968,0.668987065084678,0.008869238321907,0.866748576811562,0.004180997917706,0.810464517551007,0.006882856515369,0.132567788029845,0.003060603588747,0.110384591828996,0.00344805748572,0.223377060079364,0.003622636892762,0.203971305985872,0.003765957042474,0.142620470047713,0.008016110013424,0.549791502272727,0.000193709095034
14,24,6.9,-0.92,-0.85,0.659964839729074,0.004656212954945,0.631657233736503,0.004824711608322,0.781774877477389,0.003593115016562,0.755639821440814,0.00346981779734,0.121056815097902,0.002147538851174,0.113788866539925,0.001831401507874,0.215820479598888,0.002415457640711,0.203802569462437,0.002153038275161,0.105572979284992,0.003714071552813,0.553846075324675,0.000116705595977
14,24,6.9,-0.92,-0.88,0.548521996884332,0.009753322053853,0.539894060217178,0.006822282253464,0.689520257563734,0.00570007740112,0.686726509541932,0.005516280107819,0.10144430484298,0.004036726458835,0.098325558545728,0.002978881045008,0.195081926552602,0.003320127557387,0.193583138814291,0.003446338631478,0.073008647718087,0.005360990025217,0.557160715909091,0.000265046704143
14,24,6.9,-0.92,-0.9,0.480486890267947,0.008680703805942,0.486141370541371,0.005819390883799,0.636630766003496,0.005959820774453,0.646277377124357,0.004228352001639,0.090151517346161,0.002947137916315,0.094419878324244,0.002172839066868,0.184027331506416,0.003191957055137,0.188526543137555,0.001980010362404,0.057072053711909,0.003398673511716,0.559360064935065,0.00014800809392
14,24,6.9,-0.92,-0.91,0.448625226623795,0.009647213474152,0.440755055527609,0.006455495764169,0.604873930020952,0.006821023766917,0.598176328105432,0.004839243515842,0.092400285865032,0.003793856133763,0.087775511272582,0.002580758256778,0.183056234070056,0.003082174380526,0.176402193162509,0.002310428436352,0.047546488483643,0.003798483098731,0.56069275974026,0.00011368933315
14,24,6.9,-0.92,-0.92,0.375198646187072,0.009840137289257,0.380018570255955,0.008187652839524,0.548439855476922,0.008669623288651,0.554851325586103,0.00636340866235,0.083205114992746,0.00399817826236,0.082313480985493,0.002797142353961,0.167232442478789,0.004478927901717,0.168235976436322,0.003015512089048,0.037820483752599,0.004544051078121,0.562088508,0.000159573219953
14,24,7.05,-0.85,-0.5,0.999403870286203,0.003646392700684,0.689545793082404,0.004520055244652,1.0590719740455,0.002822848860589,0.805135190207911,0.003847877385027,0.134869507909608,0.002313086993223,0.086187948279148,0.001489822184705,0.201144431389961,0.002169298943305,0.155251681913976,0.001638292424339,0.261389912753761,0.008243307390742,0.561419677272727,0.000122526662401
14,24,7.05,-0.85,-0.55,0.942543381381475,0.00339464493152,0.668875965214743,0.00617958415532,1.00053726733567,0.002901714083494,0.789096501553328,0.00396348222322,0.12979583273472,0.00242729412309,0.08617642719057,0.002257150335393,0.193791362240711,0.00233977011218,0.156076600091976,0.002077641302818,0.232670565767188,0.007317240654569,0.562835020454545,0.000130956920969
14,24,7.05,-0.85,-0.6,0.875016465427687,0.003850311181919,0.661891001418133,0.006993071236147,0.943365479338436,0.003381367944439,0.77167940617161,0.004606839095651,0.128048380852622,0.002406153981001,0.090601404056571,0.00237269919126,0.195101323730025,0.002551230100018,0.157767537027914,0.002397615940585,0.204481626668274,0.00692247798539,0.564771204545455,0.000131664896408
14,24,7.05,-0.85,-0.65,0.791347944416743,0.004929346746713,0.615102898247421,0.005005715994524,0.872020032253925,0.003621660166786,0.736066931238653,0.004387094124769,0.118359991862151,0.002515797807925,0.08873720280917,0.001941075189806,0.188306663670916,0.002706630525666,0.159275268237124,0.002729568637215,0.173398970458344,0.006533973549659,0.566567277272727,0.000154093757316
14,24,7.05,-0.85,-0.7,0.73023001107027,0.004649606622714,0.601778212727067,0.00541599260627,0.80488342511948,0.003670773426923,0.714866954744605,0.00450344927687,0.116195539019052,0.002567999400599,0.088244926975318,0.001896977116592,0.184708472546879,0.002413820848506,0.15982793826118,0.00205404334653,0.138010887338858,0.006235247907994,0.568539288636364,0.000127940949746
14,24,7.05,-0.85,-0.75,0.620311314511655,0.005039894234884,0.554275885204999,0.006618006240461,0.716923905704229,0.004256902193225,0.675595883572243,0.004356401679685,0.101418733754899,0.00228377521869,0.088338354013792,0.001963378495025,0.172459611409928,0.002230918923566,0.163158121495592,0.002396283722939,0.106495392427647,0.004995570122043,0.571243761363637,0.000193417544446
14,24,7.05,-0.85,-0.8,0.501280463556259,0.00485350806788,0.48069700545969,0.005414055884168,0.621051303892975,0.003303181432876,0.60646596294289,0.003779121967177,0.08858255686615,0.002053010271839,0.082942611458601,0.001649087382245,0.162800307691651,0.00213325357863,0.157059105076603,0.001718172988477,0.07162199439225,0.003292527201223,0.573929325454545,9.85935542679079E-05
14,24,7.05,-0.85,-0.83,0.427480896334578,0.007890250874391,0.421973152109366,0.00595471865091,0.563446189091911,0.004589122284645,0.556192403727735,0.003855269945884,0.078139222551687,0.002535488610882,0.080327228476826,0.001727594235408,0.15517413743732,0.00230469304256,0.152875547957407,0.001591119817195,0.047416859561897,0.003007421423045,0.575898268181818,8.02977994526431E-05
14,24,7.05,-0.85,-0.85,0.349694239065981,0.007869936402615,0.348438750449286,0.006548382246056,0.509669058457839,0.004458484118018,0.518490705376631,0.003389428105058,0.067444024988908,0.002253388572678,0.065571146304247,0.001473152918036,0.143372365958696,0.001884517751673,0.144700422121633,0.001293152355332,0.035098654903645,0.00228922335167,0.5773623875,7.47575345819051E-05
14,24,7.2,-0.794,-0.45,0.874082390964179,0.004424612615128,0.550344611025591,0.007024721817598,0.925268933331954,0.00427352798147,0.653993678089132,0.005036363063446,0.108312473899206,0.002259440553211,0.070463708042416,0.002577130399069,0.157613239995656,0.002403521593066,0.122072822908332,0.002132804471037,0.226977499530496,0.007145256101257,0.580811804545454,0.000107333269488
14,24,7.2,-0.794,-0.5,0.822573089882084,0.004830100167247,0.535229928585622,0.008124728596616,0.878700759644762,0.003655265916128,0.646879237053194,0.004852816974545,0.106504568717164,0.002280543471211,0.070800837078145,0.002132079467195,0.157839754257778,0.002133142349186,0.125291296116384,0.001575599421505,0.201235519027512,0.007354806775554,0.581620279545454,0.000122035557895
14,24,7.2,-0.794,-0.55,0.755355882828346,0.003978600066989,0.506012220334368,0.007516390518917,0.818607554237277,0.002951259232522,0.633095007238549,0.005232145130359,0.099678773145356,0.00215041484131,0.066466157083568,0.002660617640052,0.155072679725181,0.002041936623025,0.127608033064445,0.002487651854084,0.172225691676119,0.006571154751928,0.582856938636364,0.000125990005159
14,24,7.2,-0.794,-0.6,0.685714842886485,0.002542395809383,0.509841188845203,0.004210859762062,0.755459700397705,0.002068551842913,0.618382921974693,0.002709557297971,0.09541252508725,0.00115201293808,0.070069161982442,0.001032667857503,0.151451273821197,0.001100803327592,0.125796106859379,0.000990093407846,0.143801262375397,0.003217628078032,0.58407793220339,5.35692424524677E-05
14,24,7.2,-0.794,-0.65,0.612970979461265,0.002641270886273,0.488399207678853,0.004451040351442,0.693311032611062,0.001778240658032,0.603954891375274,0.002834210656863,0.09047271657823,0.001093170965162,0.071253673469119,0.000978094704065,0.149696935167774,0.000947469168399,0.130146980677271,0.001037419865263,0.117207978928608,0.002873505432073,0.585434452542373,5.84100340273332E-05
14,24,7.2,-0.794,-0.7,0.528561750027633,0.003380100685686,0.460348316334672,0.00469494466619,0.619755241073752,0.002065803074167,0.577017492826304,0.003027732543936,0.081097863821192,0.001289382210905,0.071710750121129,0.001193326673529,0.14222597296064,0.00096454657054,0.134800121483006,0.001196312148907,0.086169349902186,0.002748408756569,0.586957337288135,5.996626180463E-05
16,32,7.2,-0.794,-0.75,0.420356171306751,0.003834713851068,0.39624146592234,0.004936407766726,0.522194451212084,0.008762319489549,0.50747337413774,0.011776737798998,0.071311877790577,0.001795833647857,0.066067787337326,0.001770336721135,0.124254169290967,0.005821473748081,0.118979786132307,0.00720425171573,0.058911117588454,0.00253481257482,0.588778921383648,4.62302830238113E-05
16,32,7.2,-0.794,-0.77,0.369778440257303,0.006943393852234,0.345061107192434,0.005763775948835,0.476757866883082,0.004517857741899,0.470371823333105,0.004099781753133,0.06353231172853,0.002739294630414,0.058027382517521,0.002044744616588,0.116844905970621,0.002494561171742,0.117353212641935,0.0023092610671,0.043236107443869,0.002772176326622,0.589464916923077,9.56496738703466E-05
16,32,7.2,-0.794,-0.78,0.324387407664778,0.008246711191494,0.331726800061525,0.006797739598741,0.433468895968594,0.006033658094192,0.4370753510089,0.010615995712957,0.059486045832681,0.002784767970674,0.061822225926997,0.001995884204428,0.106524718772504,0.002918810272272,0.110132459557096,0.005545969195619,0.039001099540367,0.002622852455017,0.589880095522388,5.50979070692093E-05
16,32,7.2,-0.794,-0.794,0.314807029683816,0.007498391453757,0.317341742453756,0.0051871357023,0.430156333658915,0.004975965713637,0.426002148695548,0.003494749102422,0.058532774668995,0.002787190859578,0.058900172973321,0.001755844227707,0.110293969516799,0.00296324993939,0.105698727443123,0.001927604037153,0.032151819870109,0.002328759781591,0.590316716417911,5.46082871045852E-05
12,24,6.9,-0.87,-0.5,1.26842226249404,0.001829384476333,1.00446519203422,0.002581196340269,1.32194691187884,0.001603537531432,1.09325286637907,0.002257455517332,0.185262634484031,0.001261855913815,0.131765325161163,0.001267134989173,0.258312865909689,0.001293886836602,0.207376030983048,0.001456353541314,0.399905523786778,0.005309891328147,0.530939559090909,0.000135053251145
12,24,6.9,-0.87,-0.55,1.21946970287056,0.001901808655738,0.992246706644154,0.00252630123326,1.27761040178349,0.001646227724245,1.08372633592997,0.00213073504364,0.179782587487088,0.001474285341219,0.133727062250043,0.00138579462863,0.25703361793585,0.001473752968851,0.212511360854098,0.001378502547211,0.360991826304628,0.005602286141365,0.53262896,0.000110152980758
12,24,6.9,-0.87,-0.6,1.17327797388552,0.002163805846815,0.97957218179828,0.002374810230166,1.2317053399048,0.001898905945462,1.07099372103047,0.001993399578582,0.180947767592289,0.001560220957022,0.13547290825108,0.001140419019288,0.258578691526545,0.001602210350043,0.215462031562232,0.001300390657606,0.333667006208826,0.005213138598695,0.53413346,0.000120801840154
12,24,6.9,-0.87,-0.65,1.11509781643348,0.002037446701741,0.957705265195115,0.002648015728879,1.18077074898332,0.001781466896321,1.05129270045192,0.002321298470715,0.176999371259476,0.001504954558157,0.135547261001554,0.001241113253117,0.259300377643527,0.001672587610553,0.217687059631676,0.001483680763956,0.299880029787815,0.005279811967195,0.536060759090909,0.000124228037168
12,24,6.9,-0.87,-0.7,1.04689931212698,0.002211771151548,0.939015574381724,0.003022173868735,1.11970713261211,0.001987278520657,1.03259281938979,0.001980448312894,0.166128708191402,0.00153510999137,0.137926930428491,0.001618645222242,0.251489737363259,0.001580405422122,0.222249930118943,0.001471792195006,0.260397093905445,0.004849980249609,0.538359849090909,0.000145911949168
12,24,6.9,-0.87,-0.75,0.980183498214561,0.002611459782588,0.910123873543542,0.003091225894934,1.05657726722346,0.00207206377931,1.00438211715139,0.002543339375026,0.161839512149843,0.001911617649846,0.140624417582614,0.001585697674477,0.248358905673906,0.001825237272375,0.229813536509622,0.001601552243706,0.225685842275057,0.005330778902012,0.541144875454545,0.000126802185967
12,24,6.9,-0.87,-0.8,0.896416019694729,0.003116224402028,0.869679846941618,0.002714013649081,0.986473187922636,0.003000759280646,0.966239520995207,0.002195311675243,0.151759894550302,0.001940417604154,0.143243748202798,0.001531581772662,0.244407676003032,0.002377400394948,0.235063992478913,0.001442182408226,0.187012229839452,0.004852135887704,0.544351368181818,0.000128013173034
12,24,6.9,-0.87,-0.83,0.828629872553324,0.004597503207465,0.817617526267296,0.00377466987683,0.925352713799596,0.004016508052386,0.913368772629837,0.00335544059283,0.142590340832929,0.002585588571306,0.138161235103576,0.002376276688656,0.233515610055008,0.002965432466082,0.228440172932312,0.002614031497397,0.163667968169656,0.00709492501231,0.547047688636364,0.000211034792138
12,24,6.9,-0.87,-0.84,0.812102297831887,0.00314747867361,0.80119699690594,0.003530663298103,0.912559093474939,0.002508624751463,0.90303263215097,0.003363347703712,0.142279762644066,0.002189850085568,0.137987921533942,0.001667015546571,0.236741509409967,0.00217981113617,0.230782643738785,0.002140046200464,0.156111659915245,0.004957136054669,0.547820838181818,0.000235909427983
12,24,6.9,-0.87,-0.85,0.789690407525651,0.003715302400837,0.786153148732984,0.002750452760697,0.888677198020898,0.002693177727352,0.886609532683912,0.002519359478433,0.138626453933055,0.00218506696141,0.135271980776323,0.001568409562794,0.229999174776204,0.002286803150776,0.226225821241812,0.001535455362102,0.149700964336933,0.004343921536581,0.54850967,0.000138799657057
12,24,6.9,-0.87,-0.86,0.770062295615433,0.003658039228326,0.763596183344809,0.003161897589995,0.871650378417975,0.002812890365781,0.871204850553494,0.002505844979261,0.134453538994579,0.001974669731446,0.134153559243162,0.001861799317399,0.22690533922766,0.002246400590602,0.228807788719425,0.001966204346854,0.137304785785332,0.004598556520797,0.549650199090909,0.00012693685818
12,24,6.9,-0.87,-0.87,0.741671531905622,0.002546626109001,0.742540323314448,0.001900362508637,0.848113745991186,0.001960398484682,0.851041580114014,0.001683286899191,0.130831207390384,0.001469800252334,0.130337981397883,0.000940988123697,0.223725649433638,0.001459519115977,0.224146027320664,0.001126931708851,0.129495746230564,0.002860551954228,0.550406171478873,0.000183619343132
12,24,7.05,-0.8,-0.45,1.13728996440996,0.004211933902388,0.861894993479624,0.003522208382983,1.184152699342,0.002922705114943,0.948659247549093,0.003178302194041,0.151243337132082,0.002620748028759,0.107881518101413,0.001710200260332,0.211369141361408,0.002076874306977,0.170814206464434,0.001685991805788,0.339807553718447,0.009438553782156,0.556605288636364,0.000143441661073
12,24,7.05,-0.8,-0.5,1.08047396751271,0.003623109866052,0.840862241401626,0.004484250014152,1.13239050912632,0.0031170601213,0.929505340614367,0.004152867755309,0.143465536983599,0.002304596369829,0.102472912711172,0.00178453843404,0.205931770915517,0.002163245659521,0.166943415447078,0.002338431993288,0.303615074109821,0.009019594559441,0.558128702272727,0.000186669432725
12,24,7.05,-0.8,-0.55,1.02911383415744,0.001913106373722,0.832688922148438,0.002503109888569,1.08438456367882,0.001714844270529,0.917699358080123,0.002038333932284,0.144313807789442,0.001193891690713,0.105853813467782,0.001034165248128,0.208885669071292,0.001270132493944,0.169839185885804,0.001038538757337,0.276626205515523,0.004115351526516,0.559376243502825,9.04573542053366E-05
12,24,7.05,-0.8,-0.6,0.96808994229502,0.002748002527023,0.816090501306965,0.003171436630253,1.03060967794125,0.002225886731815,0.905640067370588,0.002444728136913,0.139128727360924,0.00175809207152,0.105125638453606,0.00136649476631,0.20705613015203,0.001747412963382,0.173679327515821,0.001379412938593,0.243924670809358,0.00519791218291,0.561134472727273,0.000126494129193
12,24,7.05,-0.8,-0.65,0.895304091670599,0.002408249699508,0.799195870544742,0.002447939965158,0.963195510499975,0.001975352465452,0.882143962103594,0.002001166384648,0.132549304544733,0.001320990496474,0.112479936487106,0.001101808858913,0.203531941435606,0.001255269215668,0.180020450838613,0.001117533075372,0.212628668755002,0.004009102670868,0.563210349717514,8.73296107095553E-05
12,24,7.05,-0.8,-0.7,0.819019631643744,0.002767883817417,0.768905932501751,0.002574303405597,0.893397834992832,0.002383108309369,0.851891167027714,0.002007039356641,0.12688842876226,0.001377238402857,0.114017555465301,0.001081262239752,0.197294746816308,0.001439563442086,0.184646785576651,0.001083538032939,0.177688304515951,0.003924124877875,0.565370376271186,9.3317984201992E-05
12,24,7.05,-0.8,-0.75,0.732529045886181,0.0031073301345,0.722649457252405,0.002606414448629,0.818266660713026,0.002283012058845,0.809220964918415,0.002082547865826,0.117499944357898,0.001522447020609,0.115207411260589,0.001266172044313,0.18998677469071,0.001458559647024,0.187766987568506,0.001156197153936,0.146496900072068,0.003559295131063,0.567742649152542,8.61895208643681E-05
12,24,7.05,-0.8,-0.78,0.670478833219613,0.003197272563806,0.671832755312203,0.002542485631677,0.762339594736433,0.002714830735918,0.763802818139895,0.002368854616689,0.110764354669149,0.001674228020809,0.108592007021069,0.001031394366588,0.184051769947838,0.001587489511762,0.181904282385341,0.001230966732239,0.123307318215009,0.003470540405031,0.569506365536723,0.000119501620843
12,24,7.05,-0.8,-0.8,0.626024968138462,0.005562535531214,0.631586207407008,0.003350360733079,0.723895228916506,0.004357338702963,0.732243473842863,0.00312462786192,0.102910793673266,0.002416513012046,0.106172453382165,0.0013877945824,0.176224161773106,0.002359990139615,0.183373214661639,0.001293066456137,0.105356846242828,0.004397927186208,0.570755320512821,0.000114121748871
12,24,7.2,-0.75,-0.45,0.950287034046143,0.004509207894699,0.696103190912484,0.005404006104336,1.00238689500135,0.003398499753215,0.780026896536116,0.005099569949938,0.117064012452771,0.002447559265614,0.0827341396474,0.001676029988451,0.1703507479235,0.002370848314168,0.134142899687336,0.001915160179489,0.26229497857014,0.008288303819087,0.578732709090909,0.000152355423015
12,24,7.2,-0.75,-0.5,0.903341201223098,0.004290126375785,0.681355875328778,0.007243133806376,0.950108903857208,0.003396257297464,0.762775752907149,0.004758521495644,0.11961493366542,0.001997099410824,0.082757932680229,0.002263625545743,0.172311832216484,0.001993328010918,0.134064551857765,0.002286034632967,0.235726161873142,0.007371165300856,0.579689556818182,0.000157633839331
12,24,7.2,-0.75,-0.55,0.834935507754732,0.002027095545294,0.670001338937895,0.00274652306765,0.890567491638087,0.001630995771192,0.755168790548561,0.002129147671604,0.111610021039686,0.001050521150457,0.084555267413258,0.000928358429843,0.166115169337351,0.001018207364696,0.139759825190179,0.000902044285862,0.20310986441283,0.003473826805637,0.580856154918033,6.93124853654927E-05
12,24,7.2,-0.75,-0.6,0.767273390520255,0.002208604066731,0.653443832472357,0.002729157440665,0.829260334582374,0.001821719450271,0.736173757129948,0.00205524210636,0.105362040234734,0.001076820771197,0.086909846948628,0.000906891820035,0.161901549202034,0.000944052514779,0.142106241366124,0.000868018335655,0.174436503908734,0.003327232544694,0.582083979918033,6.30090378021654E-05
12,24,7.2,-0.75,-0.65,0.694878718888914,0.002855071126372,0.638064346996026,0.002825513677809,0.765777674994551,0.00212083508522,0.719668381315969,0.002372188822065,0.100414405937821,0.001325467717287,0.089480925797319,0.000928810289023,0.159295481751643,0.001123067880886,0.14846007408274,0.00103573912598,0.14494379970436,0.003255325737722,0.583534448770492,6.05529300939934E-05
12,24,7.2,-0.75,-0.7,0.615922279453336,0.003489756852931,0.5970771800665,0.002974051267545,0.697163166582464,0.002783383112121,0.690681239912994,0.002505901410332,0.093711768126449,0.001420643500749,0.090067518485803,0.001020122788358,0.155266339934753,0.001351550080933,0.154426879892099,0.000964451959142,0.116619838724103,0.003049416466238,0.585117528278689,6.61409437251298E-05
12,24,7.2,-0.75,-0.72,0.581697625235216,0.003149491038139,0.580221938417031,0.002624169900545,0.67398874555355,0.00225876401339,0.667348675398019,0.002026758532807,0.088756271642762,0.001256314170792,0.088311624773528,0.000995884365364,0.153402794108161,0.00121492840948,0.151099549131403,0.000917757705211,0.103392822789004,0.002900968791127,0.585855117622951,6.77357101610873E-05
12,24,7.2,-0.75,-0.74,0.546526728809516,0.003657248246153,0.546042314518294,0.002911157407428,0.639891621924749,0.002447767947618,0.644196791380543,0.002156880423437,0.085924533263059,0.001262062227212,0.083759780603509,0.000966104999928,0.149921665627561,0.001142083895277,0.149873493906396,0.000947209787882,0.09240472171836,0.002699508822366,0.586608342622951,6.58288489903802E-05
12,24,7.2,-0.75,-0.75,0.532345460326191,0.004224141186982,0.529899158606758,0.002937101124731,0.624495419401347,0.002547178874661,0.635974617645148,0.002211877654937,0.084467048093564,0.001462673667999,0.083227803858548,0.000838415342691,0.147048895662777,0.001271800467369,0.150455749061661,0.000786759585725,0.08595262768912,0.002607218481833,0.586900175,5.91516219805666E-05
